zhangwei,张伟,CD182BB0-9BA7-42A1-BD80-739496B94B29
linan,李娜,CA03CFC7-9B15-493C-9C8F-DCB4757A7A83
wangjie,王杰,597AE4DF-524C-4D06-8BFE-31A8A0512AAA
liuxin,刘欣,B7391EFC-5E8E-4816-BE1D-55A2D9FEF706
chenming,陈明,266375EE-B49A-4E7A-BE10-08A8481D1B2E
yanglei,杨磊,67921055-1BC0-4F18-B682-E851D93EB400
zhaoyan,赵艳,A7C231E4-46E9-4FFD-9C9B-A398CC3CCCD7
huangjing,黄静,66464DD3-B45C-4311-95CD-1A512D3CC5A5
wupeng,吴鹏,ECDDBC25-2BAB-4BE3-906A-D792FB880A45
xuling,徐玲,184FFF2C-1037-4FE8-8E14-0AFCFE28D548
sunhao,孙浩,8615B535-E74D-4861-B84C-1FE13DB98BDE
zhoumei,周梅,15BD1C14-66A9-4021-9103-153F5D70CBBD
zhulin,朱琳,ED7C0FAC-7F9B-4CD9-B097-B837E81148AF
heyu,何宇,3BFD75F8-5C68-4DC8-9917-4BEEA780DEC1
gaofang,高芳,08375D35-C03E-4E91-9039-B10B2268E730
luowei,罗伟,CABBCF0A-E393-47DF-9DE1-75B7B10A44A9
fengyan,冯艳,D27EDA3F-1A9A-4A1A-A28A-2E5186285E6E
denghui,邓辉,D9DE6857-FBE6-436C-85CB-FB5893DF1C43
yuqi,于琪,803820E1-1155-4B5F-83F5-4CDDF6409072
tangjun,唐军,78A6E044-A629-4AD4-8BD4-5BD33C06A7DA
